Categoria,Lote,Link_Youtube,Remitente,Ubicacion,Detalle,Peso,Trazabilidad,Plazos,Observaciones
FAENA,001,https://youtu.be/hzStotE33k0,Buxo, Rodrigo y Gonzalo,20 km de Mattaldi, Córdoba,122 vaquillonas,305-315 kg.,No,21 días,"Min 280 Max. 350. Tropa pareja feedlot, muy buena terminación (1 jaula simple y una doble)."
FAENA,002,https://youtu.be/oebOP035ThE,Bonacci, Javier,11 km al oeste Coronel Baigorria, Córdoba,75 terneras,310-320 kg,No,25 días,Min. 280 Max. 340. Tropa de excelente calidad y terminación feedlot.
FAENA,003,https://youtu.be/wsULZr1F96o,Agropecuaria Mi Sueño,10 km al oeste de Rancul, La Pampa,155 vaquillonas,375-385 kg.,No,15 días,"Min 340 Max. 410. Vaquillonas de feedlot de excelente calidad y terminación."
FAENA,004,https://youtu.be/gcIPrDnJMig,Verri, María Marta,Washington, Córdoba,33 vaquillonas,405-415 kg.,No,30 días,"Min. 400 Max. 420. Vaquillonas, engordadas y terminadas a feedlot, no están pasadas de gordura."
FAENA,005,https://youtu.be/_nYqFAthecs,Sainz, Ricardo Ernesto,30 km N de Del Campillo, Córdoba,40 vaquillonas,410-420 kg.,UE NO HILTON,25 días,"Min 390 Max. 420. Excelente lote de vaquillonas engordadas y terminadas en feedlot."
FAENA,006,https://youtu.be/4sMn_L8lEAw,Viano, Roberto,10 km al oeste de Villa Huidobro, Córdoba,58 vaquillonas,410-420 kg.,No,30 días,"Min. 380 Max. 470. Vaquillonas terminadas a feedlot, muy buena terminación."
FAENA,007,https://youtu.be/2hcIIEGV_sA,Dalmagro Alicia y otras,10 km al norte de Villa Huidobro, Córdoba,56 novillitos y vaquillonas,300-310 kg.,No,21 días,"Min. 260 Max. 350. 26 Nvtos. y 30 vaq. Excelente terminación a feedlot."
FAENA,008,https://youtu.be/jYN6ZiyLpRA,DA-NES S.R.L.,15 km al noroeste de San Antonio de Areco, Buenos Aires,70 novillitos,340-350 kg,No,15 días,"Min. 320 Max. 370. Excelente calidad y estado. Feedlot. Terminación especial. Cargar semana del remate."
FAENA,009,https://youtu.be/ZhhTq-GrxG0,Santa Clara S.A.,15 km al norte de Del Campillo, Córdoba,200 novillos,370-380 kg.,No,30 días,"Min 350 Max. 415. Calidad muy buenos. Terminación a feedlot. 3 Jaulas doble piso o 5 jaulas simples. Se cargan al corte."
FAENA,010,https://youtu.be/KkwmvkURoHQ,Agropecuaria Mi Sueño,10 km al oeste de Rancul, La Pampa,94 novillos,380-390 kg.,No,15 días,"Min 340 Max. 430. Novillos de feedlot de excelente calidad y terminación. En la tropa hay 16 enteros."
FAENA,011,https://youtu.be/SKBioc0qwng,El Botija,30 km de Buena Esperanza, San Luis,165 novillos,410-420 kg.,UE NO HILTON,30 días,"Min 390 Max. 450. Negros, colorados, pampas negros, Hereford. Cargar con chasis y acoplado. 3 jaulas doble al corte. Muy buena terminación a feedlot."
FAENA,012,https://youtu.be/o52ldXSFH-Q,Carnes Los Don,Marcos Paz, Buenos Aires,40 novillos,410-420 kg,No,30 días,"Min. 380 Max. 440. Angus, Hereford y Braford. Novillo de feedlot, excelente calidad y terminación."
FAENA,013,https://youtu.be/C3ew9sEUwBA,Agroliva S.A.,Huinca Renancó, Córdoba,50 novillos,425-435 kg.,No,25 días,"Min 390 Max. 460. Tropa de excelente calidad y terminación. Feedlot."
FAENA,014,https://youtu.be/nFOGmgXgM5U,Alta Pampa S.A.,15 km al norte de Del Campillo, Córdoba,120 novillos,435-445 kg.,No,30 días,"Min 425 Max. 460. Calidad muy buenos. Terminación a feedlot. 2 Jaulas doble piso o 3 simples. Se cargan al corte."
FAENA,015,https://youtu.be/wzMZtLJFelI,Suc. De José Luis Falco,"Del Campillo, Córdoba",40 novillos,440-450 kg.,UE NO HILTON,30 días,"Min 420 Max. 470. Excelente tropa de hacienda, Hereford, muy poquitos Braford, engordado y terminada en feedlot."
FAENA,016,https://youtu.be/qkFmC2BjmN0,La Pequeña,40 km al noroeste de Huinca Renancó, Córdoba,102 novillos,440-450 kg.,No,21 días,"Min. 400 Max. 520. Excelente terminación a feedlot."
FAENA,017,https://youtu.be/ob7xzeb3HUk,Viano, Roberto,10 km al oeste de Villa Huidobro, Córdoba,40 novillos,445-455 kg.,No,30 días,"Min. 420 Max. 480. Muy buenos terminados a feedlot."
FAENA,018,https://youtu.be/qdlbypWGOrM,"Cabaña Don Cesario de Peinetti Hnos.",15 km al sur de Eduardo Castex, La Pampa,40 novillos,460-470 kg.,UE HILTON,30 días,"Min 450 Max. 520. Tropa de excelente calidad y terminación."
FAENA,019,https://youtu.be/KMTzHdfS__I,"Cabaña Don Cesario de Peinetti Hnos.",15 km al sur de Eduardo Castex, La Pampa,40 novillos,470-480 kg.,UE HILTON,30 días,"Min 450 Max. 520. Tropa de excelente calidad y terminación."
FAENA,020,https://youtu.be/eWsacso_ORY,"Cabaña Don Cesario de Peinetti Hnos.",15 km al sur de Eduardo Castex, La Pampa,40 novillos,470-480 kg.,UE HILTON,30 días,"Min 450 Max. 520. Tropa de excelente calidad y terminación."
FAENA,021,https://youtu.be/XNrVbNUyaMA,Alvarez, Ariel,"20 km al sur de Unión, San Luis",36 novillos,475-485 kg.,No,25 días,"Min 460 Max. 495. Marca Líquida. Novillos negros y colorados de excelente calidad y terminación en feedlot. Cargar cuanto antes."
FAENA,022,https://youtu.be/tew_y9Wo-hc,Anselmi, Marina,5 km al sur de Villa Valeria, Córdoba,72 novillos,480-490 kg.,No,30 días,"Min. 460 Max. 510. Excelente terminación a feedlot."
FAENA,023,https://youtu.be/4JvQJQKv1Z4,Ardusso, Néstor,7 km al norte de Embajador Martini, La Pampa,85 novillos,485-495 kg,No,30 días,"Min. 470 Max. 510. De feedlot."
FAENA,024,https://youtu.be/lF-Z8Fub9bM,CLC S.R.L.,15 km al norte de Del Campillo, Córdoba,50 novillos,490-500 kg.,No,30 días,"Min 470 Max. 530. Calidad muy buenos. Terminación a feedlot."
FAENA,025,https://youtu.be/VrLbqtPlUTE,CLC El 29,Coronel Moldes, Córdoba,50 novillos,510-520 kg.,"UE NO HILTON - CUOTA 481",30 días,"Min 460 Max. 580. Excelente lote de novillos. Excelente gordura y terminación de feedlot. 1 doble piso."
FAENA,026,https://youtu.be/9AknhhLs13I,Bruno Héctor y Mariela,"Rodeo Viejo, Córdoba",28 novillos,540-550 kg.,UE NO HILTON,21 días,"Min 520 Max. 570. Excelente, lote de novillo, Marca Liquida feedlot."
FAENA,027,https://youtu.be/rqx0UYkHqfU,El 29 Angus,25 km al sur de Coronel Moldes, Córdoba,100 vacas,520-530 kg.,UE NO HILTON,30 días,"Min 480 Max. 650. Negras y coloradas. Tropa de excelente calidad y terminación feedlot."
FAENA,028,https://youtu.be/GeKQqz-JgIw,El Botija,30 km de Buena Esperanza, San Luis,50 vacas,495-505 kg.,UE NO HILTON,30 días,"Min 470 Max. 550. Negras, coloradas, caretas coloradas, charolas, Hereford. Cargar con chasis y acoplado. 1 doble. Muy buena terminación a feedlot."
FAENA,029,https://youtu.be/s-TRO32ywOA,El Botija,"30 km de Buena Esperanza, San Luis",45 vacas,560-570 kg.,UE NO HILTON,30 días,"Min 540 Max. 630. Negras, coloradas, caretas coloradas, Hereford. Cargar con chasis y acoplado. 1 doble. Muy buena terminación a feedlot."
FAENA,030,https://youtu.be/hyoBoXqPrKc,Agropecuaria Don Walter,3 km al sur de Arizona, San Luis,35 vacas,500-510 kg.,UE HILTON,30 días,"Min 470 Max. 550. Tropa de excelente calidad y terminación."
FAENA,031,https://youtu.be/c2BjRih4cDE,Agua Blanca,15 km al norte de Del Campillo, Córdoba,55 vacas,540-550 kg.,No,30 días,"Min 460 Max. 630. Calidad excelente. Terminación a feedlot. Jaula doble piso."
VACAS VACÍAS,032,https://youtu.be/6O21IHL9khQ,Barobero, Javier,"15 km al sur de Ingeniero Luiggi, La Pampa",40 vacas vacías,415-425 kg.,Si,"30 y 45 días","Min. 390 Max. 440. Con certificado veterinario. Vacas nuevas, secas por tacto, están silo, maíz y alfalfa. Pesada en Ing. Luiggi con el 4% de desbaste."
VACAS VACÍAS,033,https://youtu.be/fvdbBh7v70w,Alamo Plateado,15 km al norte de Doblas, La Pampa,35 vacas vacías,430-440 kg.,Si,"30 y 60 días","Min 370 Max. 470. Tropa de muy buena calidad y estado. En el lote hay 4 vacas CUT el resto toda vaca nueva. Se pesa a 20 km del campo con el 5% de desbaste en balanza pública."
VACAS VACÍAS,034,https://youtu.be/c2WvJ0--TEQ,Alonso, Américo,7 km al oeste de Bagual, San Luis,36 vacas vacías,415-425 kg.,Si,30 días,"Min 390 Max. 445. 36 vacas vacías mezcladas (nuevas y usadas). Apto China. Marca Líquida de uno de los rodeos Charolais más reconocidos de la provincia. Vaca de mucha caja. Sanidad completa. Excelente estado. Se cargan en camión simple. Pesada en balanza pública de Nueva Galia con el 4% de desbaste por mucho encierre."
VACAS VACÍAS,035,https://youtu.be/a6BrUY_jv_c,Granmadre S.A.,15 km al norte de La Carlota, Córdoba,35 vacas vacías,470-480 kg,Si,"30 y 60 días","Min. 440 Max. 530. Excelente lote de vacas, Apta China. Gordura a campo. Pesada con el 5% en bascula publica de La Carlota."
TERNEROS,036,https://youtu.be/2TC-a6fVQ7o,Agropecuaria Mi Sueño,15 km al oeste de Rancul, La Pampa,120 terneros,145-155 kg.,,30 días,"Min 110 Max. 170. Castrados. Terneros de buena calidad, sanidad completa, saben comer en batea. Pesada en pública de Rancúl con el 3% de desbaste."
TERNEROS,037,https://youtu.be/8QdM6z103Sw,Nitora S.A.,"20 km de La Toma, San Luis",70 terneros,150-160 kg.,,30 días,"Min 130 Max. 180. 10/12, enteros resto castrados. Destetados, (sanidad completa) hay 6/7 más grandes y 7/9 más chicos (hay 3/4 con leve problema de ojos pero ya están tratadas) están comiendo una dieta de silo para recría (cargar antes del 11-08-25). Pesada sobre balanza pública menos el 2% de desbaste, (encierre el día antes de la carga sin agua ni comida)."
TERNEROS,038,https://youtu.be/PdUY-MnWssM,Santiago, Luis María,"Ameghino, Buenos Aires",80 terneros,175-185 kg.,,"30 y 60 días","Min 170 Max. 190. Castrados. Destetados. Sanidad completa, bien de invernada. Se pesan en pública a 5 km del campo con el 3% de desbaste."
TERNEROS,039,https://youtu.be/jQlNEhTyao0,La Rafaela S.A.,"Ruta N 30 a 40 km al este de Las Flores, Buenos Aires",110 terneros,"175-185 kg.",,"30 y 60 días","Min 170 Max. 195. Castrados. Muy lindo lote de terneros, 70 caretas y 40 negros, (al momento de la filmación no se pudieron apartar los negros), Marca y Señal Líquida, con toda la sanidad. Están todos destetados. Ideales para meter kilos. Se cargan en dos campos y se pesan en balanza pública a 40 km con el 3% de desbaste. Se cargan con chasis y acoplado doble."
TERNEROS,040,https://youtu.be/EhiEWHvXe_8,Santa Julia S.C.,"Ameghino, Buenos Aires",60 terneros,175-185 kg,,"30 y 60 días","Min. 160 Max. 200. Castrados. Sanidad completa. Ternero bien de invernada, para meterle muchos kilos. Hay algunos con problemas de ojos pero ya tratados. Hay dos caretas, resto negros y colorados. Pesada en balanza publica a 15 km con el 3% de desbaste."
TERNEROS,041,https://youtu.be/zY5fVZiYop8,Fuller, Diego Tomas,"Navarro, Buenos Aires",74 terneros,195-205 kg,,"30 y 60 días","Min. 180 Max. 220. Castrados. AA. Excelente tropa de invernada. Hijos de inseminación y repaso con toros de Tres Marías, La Pluma y Las Lilas. Pesada en balanza publica a 25 km con el 3% de desbaste."
TERNEROS,042,https://youtu.be/DEUoyHg_0LQ,El Amanecer,50 km al sur de Villa Huidobro, Córdoba,90 terneros,200-210 kg.,,30 días,"Min. 180 Max. 215. Castrados. AAN la mayoría, muy buenos. Saben comer en batea. Pesada en balanza pública con el 3% de desbaste."
TERNEROS,043,https://youtu.be/DuLrVicjhME,Palmi S.A.,15 km al sur de Rucanelo, La Pampa,60 terneros,200-210 kg.,,"30 y 60 días","Min 170 Max. 240. Castrados. Tropa Marca Líquida de excelente calidad y estado. Se pesan a 70 km del campo con el 3% de desbaste en balanza pública."
TERNEROS,044,https://youtu.be/NflNNeqxclE,Tedesco, Ilermo,25 km al sur de Villa Huidobro, Córdoba,100 novillitos,205-215 kg,,"30 y 60 días","Min. 180 Max. 220. Castrados. Ternero de buena calidad, sanidad completa, saben comer. Pesada en pública de Villa Huidobro con 3% de desbaste."
TERNEROS,045,https://youtu.be/s9md0qocMNg,Seisnov S.A.S.,"15 km de Rauch, Buenos Aires",65 terneros,205-215 kg.,,60 días,"Min 170 Max. 230. Castrados. Tropa de terneros destetados. Sanidad completa, mayoría AAN AAC. Suplementados. Se entregan y facturan el 15/9, pueden quedar capitalizados al 50% de los kg hasta el 15/12 a opción del comprador si quiere. Se pesan en balanza pública de Rauch con el 3% de desbaste."
TERNEROS,046,https://youtu.be/6wF2iN8Jvmo,Nitora S.A.,"20 km de La Toma, San Luis",50 terneros,210-220 kg.,,30 días,"Min 180 Max. 240. 5/7 enteros, resto castrados. Destetados, (sanidad completa) hay 6/7 más grandes y 5/7 más chicos están comiendo una dieta de silo para recría (cargar antes del 11-08-25). Pesada sobre balanza pública menos el 3% de desbaste, (encierre el día antes de la carga sin agua ni comida)."
TERNEROS,047,https://youtu.be/cw-qAT8yghQ,Santiago, Luis María,"Ameghino, Buenos Aires",75 terneros,215-225 kg.,,"30 y 60 días","Min 210 Max. 230. Castrados. Destetados. Sanidad completa, bien de invernada. Se pesan en pública a 5 km del campo con el 3% de desbaste."
TERNEROS,048,https://youtu.be/Ck0Y5oH-ZJI,Memel S.A.,"35 km de Benito Juárez, Buenos Aires",65 terneros,230-240 kg.,,"30 y 60 días","Min 230 Max. 250. Castrados. Excelente lote de terneros, Marca Líquida, muy buen origen y sanidad completa, excelente rodeo Angus, todos hijos de toros PP y PC de Cabaña Tres Marías de Gutiérrez. Destetados. Jaula muy pareja. Pesada en balanza pública con el 3% de desbaste con encierre el día anterior."
TERNEROS,049,https://youtu.be/jWGzoeuN_D0,Compañía General de Hacienda,"10 km al sur de Buena Esperanza, San Luis",130 terneros,235-245 kg.,,30 y 60 días,"Min 210 Max. 280. Enteros. Braford. Están comiendo en batea. Cargar miércoles 13. Pesada en balanza del campo sobre camión con el desbaste del 3% de desbaste."
TERNEROS,050,https://youtu.be/Gk_Cx0lhi1Q,Zaborowski, Martin,"Coronel Suarez, Buenos Aires",85 terneros,250-260 kg.,,"30, 60 y 90 días","Min 220 Max. 280. Castrados. Excelente calidad y sanidad. Destetado. Se cargan en jaula doble camión y acoplado. Se pesan en publica de Coronel Suarez con 3% de desbaste y en- cierre la tarde anterior."
TERNEROS,051,https://youtu.be/NtBizsQBWk4,Campo, Roberto,15 km al este de Unión, San Luis,65 terneros,250-260 kg.,,"30 y 60 días","Min 230 Max. 270. Terneros AA definidos. Excelente estado y calidad. Sanidad completa. Castrados con goma (parte de la tropa engomados hace 15 días, el resto engomados hace 1 mes). Marca Líquida de uno de los rodeos más reconocidos de la zona. Se pesan en el campo con el 3% de desbaste."
TERNEROS,052,https://youtu.be/Ze5QN-nN0AY,"Werthein, Gregorio Numo y Noel","Km 560 RN 5, Estación La Gloria, La Pampa",240 terneros,250-260 kg.,,"30 y 60 días","Min 230 Max. 280. Castrados. Tropa Marca Líquida de excelente calidad y estado. En el lote hay 202 negros, 30 colorados y 8 caretas. Se pesa en el campo con el 3% de desbaste con encierre día anterior."
TERNEROS,053,https://youtu.be/dII-utJlRqI,"Agropecuaria Olivero Hnos.","Tío Pujio, Córdoba",100 novillitos,260-270 kg.,,"30 y 60 días","Min 230 Max. 290. Excelente tropa de novillitos, castrados, de invernada, pampas, se filmaron 200, salen los 100 más livianos. Saben comer. Sanidad completa, desparasitados, vacunados contra queratoconjuntivitis, neumonía y respiratoria. Buen estado de invernada. Se pesan con el 3% de desbaste en balanza pública de Tío Pujio."
TERNEROS,054,https://youtu.be/xIao4InA6Zw,Agroproducción Olivero Hermanos,"Tio Pujio, Córdoba",100 terneros,260-270kg,,"30 y 60 días","Min. 240. Max. 290. Excelente tropa de terneros 15 enteros, resto castrados, de invernada mayoría negros y colorados, algún pampa. Saben comer. Sanidad completa, desparasitados, vacunados contra queratoconjuntivitis, neumonía y respiratoria. Buen estado de invernada. Se pesan con el 3% de desbaste en balanza pública de Tío Pujio."
TERNEROS,055,https://youtu.be/LYgxOmeGmgc,"Malagueño - Botta","10 km al oeste de Fortín El Patria, San Luis",80 novillitos,"260-270 kg",,"30 y 60 días","Min. 230 Max. 320. Castrados. Estado bien de invernada, mezclados en color, algunos con aspa. Pesada en balanza pública de Buena Esperanza a 65 km con el 3% de desbaste."
TERNEROS,056,https://youtu.be/QJFV8EPzw1I,La Pequeña,10 km al oeste de Del Campillo, Córdoba,96 novillitos,280-290 kg.,,"30 y 60 días","Min. 280 Max. 330. Castrados. Recriados en pasturas de alfalfa. Pesada en balanza pública de Del Campillo con el 4% de desbaste."
TERNEROS,057,https://youtu.be/2uq6rbBZUH4,"Agropecuaria Olivero Hnos.","Tío Pujio, Córdoba",100 novillitos,280-290 kg.,,"30 y 60 días","Min 270 Max. 300. Excelente tropa de novillitos, castrados, de invernada, pampas, se filmaron 200, salen los 100 más pesados. Saben comer. Sanidad completa, desparasitados, vacunados contra queratoconjuntivitis, neumonía y respiratoria. Buen estado de invernada. Se pesan con el 3% de desbaste en balanza pública de Tío Pujio."
TERNEROS,058,https://youtu.be/CnTyW8n_e5k,Compañía General de Hacienda,"10 km al sur de Buena Esperanza, San Luis",113 MEJ,295-305 kg.,,"30 y 60 días","Min 270 Max. 340. Enteros. Braford. Están comiendo en batea. Cargar miércoles 13. Pesada en balanza del campo sobre camión con el desbaste del 3% de desbaste."
TERNEROS,059,https://youtu.be/m95d5KnihQg,Don Gino,30 km al oeste de General Alvear, Buenos Aires,42 novillitos,305-315 kg.,,"30 y 60 días","Min 150 Max. 490. Castrados, con 15 días de capadura. Marca Líquida de Don Gino. En el lote son 2 de 485 kg, 15 de 370 kg, 20 de 260 kg, 6 de 215 kg, y 1 de 150 kg. Ideales para meter kilos. Se pesan en balanza pública de Alvear a 30 km con el 4% de desbaste."
TERNEROS,060,https://youtu.be/mvP9aQUaOxI,"Agropecuaria Olivero Hnos.","Tío Pujio, Córdoba",90 novillitos,310-320 kg.,,"30 y 60 días","Min 280 Max. 330. Excelente tropa de novillitos, castrados, de invernada, mayoría negros y colorados, algún pampa. Saben comer. Sanidad completa, desparasitados, vacunados contra queratoconjuntivitis, neumonía y respiratoria. Buen estado de invernada. Se pesan con el 4% de desbaste en balanza pública de Tío Pujio."
TERNEROS,061,https://youtu.be/dIfNeOfXwAE,Agroliva S.A.,15 km al norte de Huinca Renancó, Córdoba,150 novillitos,315-325 kg,,"30 y 60 días","Min. 290 Max. 340. Castrados. Marca Líquida. Hijos de toros PC. Se entregan todos negros y colorados Toda la sanidad. Tropa en excelente estado de invernada. Totalmente a campo, saben comer (se les dio ración cuando se destetaron). Pesada en balanza pública con el 4% de desbaste."
TERNEROS,062,https://youtu.be/sjeZV_3ynQ0,Vástagos S.A.,"15 km al sur de Santa Rosa, La Pampa",209 novillos,345-355 kg,,"30, 60 y 90 días","Min. 330 Max. 390. Castrados. Tropa de excelente calidad y estado. Recriado totalmente a campo. Están comiendo verdeo de invierno. Se pesa en el campo con el 4% de desbaste encierre día anterior."
TERNEROS,063,https://youtu.be/kMu5qcE8PPc,Ghezzi Carlos,"Mayor Buratovich, Buenos Aires",65 terneros,210-220 kg.,,"30, 60 y 90 días","Min 200 Max. 230. Castrados. Todo genética Americana, casi todo de inseminación. Ternero muy sano. Están a campo pero saben comer. Se pesa sobre camión a 25 km con 3% de desbaste."
TERNEROS,064,https://youtu.be/6aG6AHvGiaQ,Ghezzi Carlos,"Mayor Buratovich, Buenos Aires",125 novillitos,335-345 kg.,,"30, 60 y 90 días","Min 325 Max. 355. Castrados. Holando y cruza con Jersey. Novillito muy embalado, sano, con todo el plan sanitario al día. Están a campo pero saben comer. Se pesa sobre camión a 25 km con 4% desbaste."
TERNEROS A TÉRMINO,065,https://youtu.be/nfmE5V_5pe0,Don Aquiles,"25 de Mayo, Buenos Aires","120 terneros a término",200 kg,,90% a 60 días, 10% a 30 días de la entrega,"Angus negros y Limangus, se entregan castrados. Muy buena calidad. Se pesan a 20 km del campo en balanza pública con el 3% de desbaste. Plazo de entrega 15/30 de Abril 2026. Tabla 200 kg tolerancia a 210 kg de 210 a 220 baja $10 por kg, resto por muerto."
TERNEROS A TÉRMINO,066,https://youtu.be/6ve0uQgtJeE,"Svendson Iturri S.R.L.","Doblas, La Pampa","120 terneros a término",200 kg,,90% a 60 días, 10%, 30 días después de la entrega,"Angus negros, Angus colorados y Limangus. Muy buena calidad, se entregan castrados. Plazo de entrega 15/30 de Abril 2026. Se pesan a 20 km del campo en balanza pública con el 3% de desbaste. Tabla 200 kg tolerancia a 210 kg de 210 a 220 baja $10 por kg, resto por muerto."
TERNEROS A TÉRMINO,067,https://youtu.be/ZqGw6uSzmnA,Etchevarren, Camilo,"Dolores, Buenos Aires","220 terneros a término",200 kg,,90% a 30 días, saldo 10 días de la entrega,"Castrados. AA, Marca y Señal Líquida de excelente calidad y sanidad, de 200 kilos, escala a 210, arriba sin cargo. Pesada con el 2% de desbaste en Soc. Rural de Dolores, ubicada a 45 km del establecimiento ""La Serranita""."
TERNEROS A TÉRMINO,068,https://youtu.be/sOtX1GOclnA,Agropecuaria Colón,"Carlos Casares, Buenos Aires","240 terneros a término",200 kg.,,90% a 60 días, 10% a 30 días después de la entrega,"AAN, AAC y caretas. Se entregan castrados. Muy buena calidad. Se pesan a 10 km del campo en balanza pública con el 3% de desbaste. Plazo de entrega 15/30 de Abril 2026."
TERNEROS Y TERNERAS,069,https://youtu.be/cv2wtAJ1B9Q,Verri, María Marta,"Washington, Córdoba",70 terneros y terneras,140-150 kg.,,90 días,"Min. 130 Max. 150. Castrados. 30 M y 40 H. Excelente terneros y terneras, hijos de madres PC de Cabañas Don Benjamín, Don Cesario, Garruchos de Los Murmullos y Los Caldenes. Hijo de padres PC de mismas Cabañas. Pesada con el 3% de desbaste en pública de Vicuña Mackenna. Sanidad completa, doble dosis de neumonía, mancha, y desparasitados el 29/07, sanidad completa. Saben comer en batea."
TERNEROS Y TERNERAS,070,https://youtu.be/fSln6DA_1io,Chaves, Ismael,"Saavedra, Buenos Aires",50 terneros y terneras,160-170 kg.,,"30 y 60 días","Min 150 Max. 180. 25 M. y 25 H. Castrados. Muy buena calidad y sanidad. Destetados. Se puede completar la jaula con otro productor. Se pesan en pública de Saavedra con 3% de desbaste y encierre la tarde anterior."
TERNEROS Y TERNERAS,071,https://youtu.be/5zwqMcJ6lXI,Cía. de Inversiones Agropecuarias,"25 km de General Levalle, Córdoba",70 terneros y terneras,165-175 kg.,,"30 y 60 días","Min 145 Max. 180. 32 М. у 38 H. Castrados. Destetada/os, (sanidad completa) hay 6/7 más grandes y 7/9 más chicas (hay 3/4 con leve problema de ojos pero ya están tratadas) están comiendo una dieta de silo para recría, se cargan en chasis acoplado (cargar antes del 11- 08-25). Pesada sobre balanza pública menos el 2% de desbaste, (encierre el día antes de la carga sin agua ni comida)."
TERNEROS Y TERNERAS,072,https://youtu.be/-U9ANC7zinI,Don Néstor S.R.L.,6 km al oeste de Unión, San Luis,65 terneros y terneras,170-180 kg.,,"30, 60 y 90 días","Min 160 Max. 190. 25 M. y 40 H. Castrados. Terneros/as Marca Líquida. Mayoría negros y colorados. Se cargan en chasis y acoplado simple. De acuerdo al estado del camino, hay que trasbordar 6 km. Se pesan en el campo con el 3% de desbaste."
TERNEROS Y TERNERAS,073,https://youtu.be/hud72LwSpnQ,La Rafaela S.A.,"Ruta N 30 a 40 km al Este de Las Flores, Buenos Aires",100 terneros y terneras,170-180 kg.,,"30 y 60 días","Min 170 Max. 190. 12 M. y 88 H. Castrados. Terneros caretas, Marca y Señal Líquida. Todos destetados y con toda la sanidad. Se pesan en balanza pública a 40 km con el 3% de desbaste."
TERNEROS Y TERNERAS,074,https://youtu.be/aqjRy5BTE3g,Mottura, Claudio,"Villa General Roca, San Luis","54 terneros y terneras","175-185 kg.",,30 días,"Min 100 Max. 230. 27 M. y 27 H. Castrados. Excelente calidad de hacienda Marca Liquida. Hay 5/6 más grandes y 8/9 más chicos, el resto tropa pareja. La mayoría destetados. Cargar en la semana del remate. Con dos días de encierre agua. Se pesan a 80 km del campo en balanza pública, sin desbaste."
TERNEROS Y TERNERAS,075,https://youtu.be/XFPLPiKO5h8,Ralba,"Alta Italia, La Pampa",119 terneros y terneras,"190-200 kg",,"30 y 60 días","Min. 200 Max. 340. 71 M. у 48 H. Castrados. Mayoría negros y colorados, algunos pampas negros y un barcino. Se pesan en balanza pública de Realicó con 3% desbaste. Una doble."
TERNEROS Y TERNERAS,076,https://youtu.be/j0OSrer_KdE,"La Emilia de Eyharabide y Aldo González","50 km de Rauch, Buenos Aires",65 terneros y terneras,"215-225 kg",,45 días,"Min. 210 Max. 250. 27 M. y 38 H. Castrados. Excelente tropa de terneros destetados, sanidad completa, todos AAN. Se cargan en 2 campos con chasis y acoplado. Se pesan en balanza pública (Soc. Rural de Rauch) con el 3% de desbaste."
TERNEROS Y TERNERAS,077,https://youtu.be/8eADkk0Zwrs,DEANAMH S.A.,"20 km al este de Laprida, Buenos Aires",60 terneros y terneras,215-225 kg.,,"30 y 60 días","Min 200 Max. 240. 30 M. y 30 H. Castrados. AA y caretas recriados sobre pastura, desparasitados y triple respiratoria, hay 2 enteros en la tropa. Pesada con el 3% de desbaste sobre pública a 20 km del campo."
TERNEROS Y TERNERAS,078,https://youtu.be/a0k00F4Phps,Figisa S.R.L.,8 km al norte de Conhello, La Pampa,60 terneros y terneras,225-235 kg.,,"30 y 60 o 45 días","Min 180 Max. 250. 36 M y 24 H. Castrados. De excelente calidad y estado Marca Líquida. Se pesa a 35 km del campo con el 3% de desbaste en balanza pública"
TERNERAS,079,https://youtu.be/PirWO9A4eJ4,Don Osvaldo S.A.,15 km al norte de Tilisarao, San Luis,120 terneras,140-150 kg,,"30 y 60 días","Min. 135 Max. 160. Pesada en bascula para camiones en el campo con el 3% desbaste. Buena tropa de terneras, mezcladas en pelo. A campo. Hay 17 con problemas de ojos ya tratados."
TERNERAS,080,https://youtu.be/PTcNt4jYP1s,Agropecuaria Mi Sueño,15 km al oeste de Rancul, La Pampa,100 terneras,150-160 kg.,,30 días,"Min 110 Max. 170. Terneras de buena calidad, sanidad completa, saben comer en batea. Pesada en pública de Rancúl con el 3% de desbaste."
TERNERAS,081,https://youtu.be/fX25Ey0R1ws,Santa Gema,"Tosquita, Córdoba",200 terneras,170-180 kg.,,"30 y 60 días","Min 160 Max. 210. Excelente estado de invernada. Pesada en balanza pública con el 3% de desbaste. Carga urgente."
TERNERAS,082,https://youtu.be/yyj7d6K6q_g,Delfino, Brian,"5 km al norte de Alta Italia, La Pampa",70 terneras,170-180 kg,,"30 y 60 días","Min. 160 Max. 190. Marca Líquida, saben comer. Pesada en balanza pública con el 3% de desbaste."
TERNERAS,083,https://youtu.be/0UoKIlnbMls,Rancho Grande S.A.,10 km de Venado Tuerto, Santa Fe,50 terneras,185-195 kg.,,30 días,"Min. 160/170 Max. 220/230. Excelente ternera Angus. Genética Don Benjamin y Werthein. Destetadas. Saben comer. En el video hay 10 terneras más grandes que no se cargan. Cargar entre sábado 9/08 o el lunes 11/08. Pesada con el 3% de desbaste en mismo campo sobre balanza para camiones."
TERNERAS,084,https://youtu.be/kvi8ZJwq_V0,Fuller, Diego Tomas,"Navarro, Buenos Aires",72 terneras,185-195 kg,,"30 y 60 días","Min. 160 Max. 200. AA. Excelente tropa de terneras. Hijas de inseminación y repaso con toros de Tres Marías, La Pluma y Las Lilas. Pesada en balanza publica a 25 km con el 3% de desbaste."
TERNERAS,085,https://youtu.be/8xe3aVmYO8M,Agroliva S.A.,"Unión, San Luis",150 terneras,195-205 kg.,,"30 y 60 días","Min 180 Max. 220. Marca Líquida. Hijas de toros PC. Negras y coloradas. Toda la sanidad. Tropa en excelente estado de invernada totalmente a campo. Saben comer (se les dio ración cuando se destetaron). Pesada en balanza de pública con el 3% de desbaste."
TERNERAS,086,https://youtu.be/ma_0NaH94SE,La Riojana S.A.,3 km al este de Rancul, La Pampa,72 terneras,205-215 kg,,"30, 60 y 90 días","Min. 190 Max. 230. Ternera de buena calidad, sanidad completa, saben comer. Pesada en pública de Rancul con 3% de desbaste."
TERNERAS,087,https://youtu.be/W14SzY8kW3c,Montefeet S.A.,"20 km de Mattaldi, Córdoba",100 terneras,210-220 kg,,"30 y 60 días","Min. 180. Max. 240. Tropa de buen estado, sanidad completa destetadas (4/6 con problemas de ojos pero ya tratadas), están comiendo una dieta de silo, hay 6/7 más grandes y 7/9 más chicas (cargar antes del Lunes 04-08-25). Pesada sobre balanza pública a 25 km menos el 3% de desbaste."
TERNERAS,088,https://youtu.be/kalPrzHkgp0,La Chacra,5 km al sur de Chascomús, Buenos Aires,60 vaquillonas,220-230 kg.,,"30 y 60 días","Min 210 Max. 240. Excelente lote de vaquillonas, muy parejas. Angus negras y coloradas. Sanas y en perfecto estado. Recriadas a campo. Se pesan en balanza pública con el 3% de desbaste."
TERNERAS,089,https://youtu.be/8-jfLKHSPtE,Los Hermanos,"Carlos Tejedor, Buenos Aires",70 terneras,220-230 kg.,,"30 y 60 días","Min 180 Max. 250. Marca Líquida, destetadas. Saben comer. Se pesan en balanza pública a 18 km. del campo en Pasteur o Carlos Tejedor con el 3% de desbaste."
TERNERAS,090,https://youtu.be/ODKT0faGSuk,Farmland S.R.L.,27 km al oeste de Villa Valeria, Córdoba,60 vaquillonas,"240-250 kg",,"30 y 60 días","Min. 225. Max. 265. 9 AAN, 1 AAC, resto hacienda Marca Líquida Hereford, rodeo cerrado de 40 años, destetadas, hijas de toros Garruchos, Don Benjamín, cargar urgente luego del remate. Pesada en balanza pública Villa Valeria con el 3% de desbaste."
TERNERAS,091,https://youtu.be/eg1krvdsXhA,"Agropecuaria Olivero Hnos.","Tío Pujio, Córdoba",100 terneras,240-250 kg.,,"30 y 60 días","Min 220 Max. 2700. Excelente tropa de terneras negras, coloradas, pampas y caretas. Saben comer. Sanidad completa, desparasitados, vacunados contra queratoconjuntivitis, neumonía y respiratoria. Buen estado de invernada. Se pesan con el 3% de desbaste en balanza pública de Tío Pujio."
TERNERAS,092,https://youtu.be/Zm2rA163soM,La Riojana S.A.,3 km al este de Rancul, La Pampa,55 vaquillonas,260-270 kg,,"30, 60 y 90 días","Min. 230 Max. 280. Vaq. de buena calidad, sanidad completa, saben comer en batea. Pesada en pública de Rancul con 4% de desbaste."
TERNERAS,093,https://youtu.be/O71zfu2FOCA,Nogalina S.A.,10 km al oeste de Vicuña Mackenna, Córdoba,55 vaquillonas,290-300 kg.,,"30 y 60 días","Min. 270 Max. 345. 43 AAC y 12 AAN. Edad 15/18 meses. Excelente lote de vaquillonas Marca Líquida, hijas por inseminación, estado muy bueno a campo, recomendadas para vientres. Doble dosis de respiratoria, respi 8 querato, doble dosis de clostridial 10p, doble dosis de dardox, y desparasitadas."
TERNERAS A TÉRMINO,094,https://youtu.be/gdYmbuToD2w,Svendson Iturri SRL,"Doblas, La Pampa","120 terneras a término",200 kg,,90% a 60 días, 10%, 30 días después de la entrega,"Angus negros, Angus colorados y Limangus. Muy buena calidad. Plazo de entrega 15/30 de Abril 2026. Se pesan a 20 km del campo en balanza pública. Tabla 200 kg tolerancia a 210 kg de 210 a 220 baja $10 por kg, resto por muerto."
VAQUILLONAS PREÑADAS,095,https://youtu.be/nFaO3FDYNV0,Establecimiento La Julita,"San Basilio, Córdoba","43 vaquillonas preñadas",,,"60 y 90 días","PC. Servicio con Toro AAC PP de cabaña el Volcán facilidad de parto. Origen Arandú. Sanidad completa. Parición Octubre / Noviembre / Diciembre. Excelente estado corporal. Comiendo en rastrojo de maíz."
VACAS PREÑADAS,096,https://youtu.be/tr-SvLR8Kv8,Schmidt, Mariano Fabián,"15 km de Guatrache, La Pampa",27 vacas preñadas,,,30, 60 y 90 días,"Nuevas. Toda vaca libre de vieja 24 AAN y 3 AAC de 3ra parición volteando el ternero de buen estado y sanidad (ya hay 10 terneros nacidos) terneros hijos de toros Cabaña (San José). Con certificado veterinario. Parición Agosto."
VACAS PREÑADAS,097,https://youtu.be/WWyc68vrSUE,La Victoria,"10 km al oeste de Fortín El Patria, San Luis",30 vacas preñadas,,,90 y 120 días,"Parición Agostos, Septiembre y Octubre. Preñez de 5 meses. Negras. 1½ diente para abajo y diente para arriba, libre de vieja. Servicio con toros colorados y negros. Buen estado. Vaca nueva 4ta parición. No hay vaca CUT. Cargar con chasis y acoplado."
VACAS PREÑADAS,098,https://youtu.be/JiSgREppqZs,Maggi, Federico,"10 km al noroeste de Chascomús, Buenos Aires",120 vacas preñadas,,,"30, 60 y 90 días","Vacas de 12 diente, todas sanas en perfecto estado, vaca de caja. Preñez de 5/6 meses. Parición Octubre y Noviembre. Certificado Veterinario, tacto y sangrado realizado."
VACAS PREÑADAS,099,https://youtu.be/b__uzsPmSdw,Pauletti, Jorge,"San José del Morro, San Luis",80 vacas preñadas,470-500 kg.,,"30, 60 y 90 días","Excelente conjunto de vacas 70% de la tropa AAN / AAC restó caretas, preñadas con toros AA, en muy buen estado, vaca de caja, parición Julio/Agos/ Septiembre. 60% de diente, 40% 1½ diente, en la tropa ya hay 15 vacas paridas, el ternero va por muerto."
VACA CUT PREÑADAS,100,https://youtu.be/qubtcUTc7iU,Bartalomey, Mario,"30 km al oeste de Las Flores, Buenos Aires",33 vacas CUT preñadas,480-490 kg.,,"60 y 90 días","Min 470 Max. 510. Parición Agosto, Septiembre y Octubre. Con certificado veterinario. Excelente lote de vacas Angus Marca Líquida, bien clasuda, con muy buen estado y sanidad. Servicio con toros colorados de Arandu, Casamu y La Pastoriza. Hay 3 paridas."
VAQUILLONAS C/CRÍA,101,https://youtu.be/C7o0KgPuX6Y,Establecimiento La Julita,"San Basilio, Córdoba",25 vaquillonas c/cría,,,60 y 90 días,"MAS. Crías toros PP facilidad de parto. Origen Casado Agrop. Sanidad completa. Excelente estado corporal. Comiendo en rastrojo de maíz."
VACAS C/CRÍA,102,https://youtu.be/QOG-GJ8rQcA,Schmidt, Mariano Fabián,"15 km de Guatrache, La Pampa",26 vacas c/crías,,,30, 60 y 90 días,"Nuevas. Toda vacas libre de vieja de 3ra parición de buen estado y sanidad, terneros hijos de toros Cabaña (San José). Con certificado veterinario."
VACAS C/CRÍA,103,https://youtu.be/UAQNRdo8qVI,El Milagro,"Pasteur, Buenos Aires",67 vacas c/crías,,,"30, 60 y 90 días","45 boca llena, 14 1½ diente y 8½ diente. En el vídeo hay 18 vaca CUT que no van."
LOTES B,008,https://youtu.be/_gIcXfYYTGE,Harvest Express S.A.,"Pellegrini, Buenos Aires",46 novillitos,360-370 kg,No,21 días,Min. 330 Max. 390. Novillitos mestizos especiales de feedlot.